Title,Genre,Premiere
Stranger Things,Science fiction horror,"July 15, 2016"
The Umbrella Academy,Superhero action,"February 15, 2019"
Virgin River,Romantic drama,"December 6, 2019"
The Witcher,Fantasy drama,"December 20, 2019"
Outer Banks,Coming-of-age drama,"April 15, 2020"
Sweet Magnolias,Romantic drama,"May 19, 2020"
Blood & Water,Teen drama,"May 20, 2020"
Bridgerton,Historical romance,"December 25, 2020"
Ginny & Georgia,Coming-of-age drama,"February 24, 2021"
Sweet Tooth,Fantasy drama,"June 4, 2021"
Vikings: Valhalla,Historical drama,"February 25, 2022"
Savage Beauty,Drama,"May 12, 2022"
The Lincoln Lawyer,Legal thriller,"May 13, 2022"
The Sandman,Fantasy,"August 5, 2022"
Heartbreak High,Teen drama,"September 14, 2022"
The Watcher,Horror,"October 13, 2022"
The Recruit,Spy adventure,"December 16, 2022"
The Night Agent,Political thriller,"March 23, 2023"
The Diplomat,Political thriller,"April 20, 2023"
Fatal Seduction,Thriller,"July 7, 2023"
Miseducation,Coming-of-age drama,"September 15, 2023"
My Life with the Walter Boys,Romantic drama,"December 7, 2023"
3 Body Problem[27][28][29][30],Science fiction,"March 21, 2024[31]"
Ripley[32][33],Psychological thriller,"April 4, 2024[34]"
Emily in Paris,Comedy drama,"October 2, 2020"
The Upshaws,Sitcom,"May 12, 2021"
Mo,Comedy,"August 24, 2022"
Wednesday,Comedy horror,"November 23, 2022"
That '90s Show,Period teen sitcom,"January 19, 2023"
Unstable,Comedy,"March 30, 2023"
"XO, Kitty",Romance comedy drama,"May 18, 2023"
FUBAR,Spy action comedy,"May 25, 2023"
Survival of the Thickest,Comedy drama,"July 13, 2023"
Everything Now,Comedy drama,"October 5, 2023"
Neon,Comedy,"October 19, 2023"
Yoh! Christmas,Comedy,"December 15, 2023"
The Gentlemen,Action comedy,"March 7, 2024"
Tires[44],Workplace comedy,"May 23, 2024"
Heartstopper,Teen drama,"April 22, 2022"
One Piece,Action-adventure,"August 31, 2023"
Avatar: The Last Airbender,Fantasy,"February 22, 2024"
Big Mouth,Coming-of-age comedy,"September 29, 2017"
"Love, Death & Robots",Anthology,"March 15, 2019"
Skull Island,Adventure,"June 22, 2023"
Blue Eye Samurai,Action,"November 3, 2023"
Masters of the Universe: Revolution,Animation,"January 25, 2024"
Kengan Ashura,Martial arts,"July 31, 2019"
Blood of Zeus,Fantasy action,"October 27, 2020"
Record of Ragnarok,Action,"June 17, 2021"
Baki Hanma,Martial arts,"September 30, 2021"
"Bastard!! -Heavy Metal, Dark Fantasy-",Dark fantasy,"June 30, 2022"
Ōoku: The Inner Chambers,Historical drama,"June 29, 2023"
Gamera Rebirth,Kaiju science fiction,"September 7, 2023"
Castlevania: Nocturne,Dark fantasy,"September 28, 2023"
Good Night World,Fantasy,"October 12, 2023"
Captain Laserhawk: A Blood Dragon Remix,Science fiction,"October 19, 2023"
Pluto,Science fiction,"October 26, 2023"
Onimusha,Action-adventure,"November 2, 2023"
Akuma-kun,Fantasy,"November 9, 2023"
Scott Pilgrim Takes Off,Fantasy romantic comedy,"November 17, 2023"
My Daemon,Fantasy adventure,"November 23, 2023"
Onmyōji,Historical fantasy,"November 28, 2023"
Pokémon Concierge,Stop-motion fantasy,"December 28, 2023"
The Dragon Prince,,"September 14, 2018"
Gabby's Dollhouse,,"January 5, 2021"
"Go, Dog. Go!",,"January 26, 2021"
Oggy Oggy,,"August 24, 2021"
The Creature Cases,,"April 12, 2022"
My Little Pony: Make Your Mark,,"May 26, 2022"
Spirit Rangers,,"October 10, 2022"
StoryBots: Answer Time,,"November 21, 2022"
Sonic Prime,,"December 15, 2022"
Princess Power,,"January 30, 2023"
My Dad the Bounty Hunter,,"February 9, 2023"
Not Quite Narwhal,,"June 19, 2023"
Supa Team 4,,"July 20, 2023"
Dew Drop Diaries,,"July 24, 2023"
Mech Cadets,,"August 10, 2023"
Little Baby Bum: Music Time,,"September 25, 2023"
Unicorn Academy,,"November 2, 2023"
CoComelon Lane,,"November 17, 2023"
Mighty Bheem's Playtime,,"January 29, 2024"
Dee & Friends in Oz,,"February 5, 2024"
Hot Wheels Let's Race,,"March 4, 2024"
AlRawabi School for Girls,Drama,"August 12, 2021"
Finding Ola,Comedy drama,"February 3, 2022"
The Exchange,Drama,"February 8, 2023"
Tahir's House,Comedy drama,"September 6, 2023"
Crashing Eid,Comedy drama,"November 15, 2023"
Lupin,Mystery thriller,"January 8, 2021"
Represent,Comedy,"January 20, 2023"
Blood Coast,Crime drama,"December 6, 2023"
Furies,Action,"March 1, 2024"
Anthracite[65],Crime drama,"April 10, 2024[66][7]"
How to Sell Drugs Online (Fast),Dark comedy,"May 31, 2019"
Kleo,Thriller,"August 19, 2022"
The Empress,Historical drama,"September 29, 2022"
Crooks[7],Crime drama,"April 4, 2024[70]"
Delhi Crime,Police procedural,"March 22, 2019"
She,Crime drama,"March 20, 2020"
Mismatched,Romantic comedy,"November 20, 2020"
Yeh Kaali Kaali Ankhein,Romantic thriller,"January 14, 2022"
Khakee: The Bihar Chapter,Crime thriller,"November 25, 2022"
Class,Teen crime thriller,"February 3, 2023"
Rana Naidu,Crime drama,"March 10, 2023"
Guns & Gulaabs,Crime comedy thriller,"August 18, 2023"
Kaala Paani,Drama,"October 18, 2023"
Killer Soup,Dark comedy,"January 11, 2024"
Maamla Legal Hai,Comedy,"March 1, 2024"
Di4ries,Coming-of-age,"May 18, 2022"
Everything Calls for Salvation,Drama,"October 14, 2022"
I Hate Christmas,Comedy,"December 7, 2022"
The Law According to Lidia Poët,Period legal drama,"February 15, 2023"
Suburræterna,Crime drama,"November 14, 2023"
Supersex,Biopic,"March 6, 2024"
Alice in Borderland,Fantasy thriller,"December 10, 2020"
Burn the House Down,Mystery thriller,"July 13, 2023"
YuYu Hakusho,Adventure,"December 14, 2023"
House of Ninjas,Drama,"February 15, 2024"
Sweet Home,Apocalyptic horror,"December 18, 2020"
D.P.,Military drama,"August 27, 2021"
Squid Game,Survival thriller,"September 17, 2021"
Hellbound,Supernatural drama,"November 19, 2021"
All of Us Are Dead,Zombie apocalypse,"January 28, 2022"
Song of the Bandits,Period action drama,"September 22, 2023"
Doona!,Coming-of-age romantic drama,"October 20, 2023"
Daily Dose of Sunshine,Medical comedy drama,"November 3, 2023"
Gyeongseong Creature,Historical thriller,"December 22, 2023"
A Killer Paradox,Crime thriller,"February 9, 2024"
Chicken Nugget[89],Comedic mystery,"March 15, 2024[90]"
Parasyte: The Grey[91],Horror/science fiction,"April 5, 2024[92]"
The Victims' Game,Thriller,"April 30, 2020"
At the Moment,Romantic drama/anthology,"November 10, 2023"
Let's Talk About CHU,Romantic comedy,"February 2, 2024"
The Green Glove Gang,Dark comedy,"October 19, 2022"
Infamy,Drama,"September 6, 2023"
Absolute Beginners,Romantic drama,"October 25, 2023"
Feedback,Drama,"November 15, 2023"
1670,Comedy,"December 13, 2023"
Detective Forst,Crime drama,"January 11, 2024"
Sintonia,Crime teen drama,"August 9, 2019"
Back to 15,Comedy,"February 25, 2022"
Turn of the Tide,Thriller,"May 26, 2023"
Reporting for Duty,Comedy,"September 6, 2023"
Criminal Code,Crime drama,"November 14, 2023"
End of the Line,Comedy,"January 17, 2024"
Luz: The Light of the Heart,Coming of age,"February 7, 2024"
Elite,Crime teen drama,"October 5, 2018"
Alpha Males,Comedy,"December 30, 2022"
The Snow Girl,Thriller,"January 27, 2023"
Eva Lasting,Romantic drama,"February 15, 2023"
Community Squad,Comedy,"February 17, 2023"
The Surrogacy,Drama,"June 14, 2023"
The Chosen One,Supernatural drama,"August 16, 2023"
Pact of Silence,Telenovela,"October 11, 2023"
Nothing to See Here,Comedy drama,"November 17, 2023"
The Influencer,Drama,"December 13, 2023"
Cindy la Regia: The High School Years,Coming-of-age,"December 20, 2023"
The Manny,Comedy,"December 24, 2023"
Berlin,Heist crime drama,"December 29, 2023"
Baby Bandito,Heist drama,"January 31, 2024"
Bandidos[110],Heist drama,"March 13, 2024[111][112]"
Iron Reign[113],Thriller,"March 15, 2024[114]"
The Asunta Case[115],Crime drama,"April 26, 2024[116]"
Delete,Science fiction thriller,"June 28, 2023"
6ixtynin9 The Series,Dark comedy thriller,"September 6, 2023"
Analog Squad,Family drama,"December 7, 2023"
"Ready, Set, Love",Romantic mystery comedy,"February 15, 2024"
The Believers[7],Crime drama,"March 27, 2024[117]"
The Club,Period drama,"November 5, 2021"
Midnight at the Pera Palace,Drama,"March 3, 2022"
The Life and Movies of Erşan Kuneri,Sitcom,"May 13, 2022"
As the Crow Flies,Drama,"June 3, 2022"
Another Self,Drama,"July 28, 2022"
Shahmaran,Fantasy,"January 20, 2023"
The Tailor,Mystery,"May 2, 2023"
Kübra,Thriller,"January 18, 2024"
A Round of Applause,Drama,"February 29, 2024"
Young Royals,Coming-of-age drama,"July 1, 2021"
Baby Fever,Romantic comedy drama,"June 8, 2022"
Kohrra,Crime drama,"July 15, 2023"
Tore,Coming-of-age comedy drama,"October 27, 2023"
Cigarette Girl,Period drama,"November 2, 2023"
Ferry: The Series,Crime drama,"November 3, 2023"
Olóládé,Comedy,"November 24, 2023"
Replacing Chef Chico,Drama,"November 24, 2023"
Comedy Chaos,Sitcom,"February 16, 2024"
Aníkúlápó: Rise of the Spectre,Drama,"March 1, 2024"
Midsummer Night[125],Drama,"April 11, 2024[126]"
Somebody Feed Phil,,"January 12, 2018"
Formula 1: Drive to Survive,,"March 8, 2019"
Our Planet,,"April 5, 2019"
High on the Hog: How African American Cuisine Transformed America,,"May 26, 2021"
Catching Killers,,"November 4, 2021"
Break Point,,"January 13, 2023"
Full Swing,,"February 15, 2023"
Murdaugh Murders: A Southern Scandal,,"February 22, 2023"
Missing: Dead or Alive?,,"May 10, 2023"
The King Who Never Was,,"July 4, 2023"
Quarterback,,"July 12, 2023"
How to Become a Cult Leader,,"July 28, 2023"
Spy Ops,,"September 8, 2023"
Wrestlers,,"September 13, 2023"
Encounters,,"September 27, 2023"
Vasco Rossi: Living It,,"September 27, 2023"
Get Gotti,,"October 24, 2023"
Life on Our Planet,,"October 25, 2023"
Mysteries of the Faith,,"November 1, 2023"
Escaping Twin Flames,,"November 8, 2023"
How to Become a Mob Boss,,"November 14, 2023"
Bad Surgeon: Love Under the Knife,,"November 29, 2023"
World War II: From the Frontlines,,"December 7, 2023"
If I Were Luísa Sonza,,"December 13, 2023"
Captains of the World,,"December 30, 2023"
American Nightmare,,"January 17, 2024"
Six Nations: Full Contact,,"January 24, 2024"
NASCAR: Full Speed,,"January 30, 2024"
Alexander: The Making of a God,,"January 31, 2024"
American Conspiracy: The Octopus Murders,,"February 28, 2024"
The Indrani Mukerjea Story: Buried Truth,,"February 29, 2024"
ARA San Juan: The Submarine That Disappeared,,"March 7, 2024"
Turning Point: The Bomb and the Cold War,,"March 12, 2024[129]"
From Dreams to Tragedy: The Fire that Shook Brazilian Football[130],,"March 14, 2024"
The Outreau Case: A French Nightmare[131],,"March 15, 2024"
Homicide: New York[132],,"March 20, 2024"
Testament: The Story of Moses[131],,"March 27, 2024"
Crime Scene Berlin: Nightlife Killer[134],,"April 3, 2024"
Files of the Unexplained[135],,"April 3, 2024"
Queer Eye,Makeover reality,"February 7, 2018"
Car Masters: Rust to Riches,Reality,"September 14, 2018"
Selling Sunset,Reality,"March 22, 2019"
Rhythm + Flow,Music competition,"October 9, 2019"
The Circle,Reality competition,"January 1, 2020"
Love Is Blind,Dating show,"February 13, 2020"
Too Hot to Handle,Dating show,"April 17, 2020"
Fabulous Lives of Bollywood Wives,Reality,"November 27, 2020"
Love Is Blind: Brazil,Dating show,"October 6, 2021"
Is It Cake?,Baking competition,"March 18, 2022"
"Young, Famous & African",Reality,"March 18, 2022"
The Ultimatum: Marry or Move On,Dating show,"April 6, 2022"
Love on the Spectrum,Dating show,"May 18, 2022"
Rhythm + Flow France,Music competition,"June 9, 2022"
Selling the OC,Reality,"August 24, 2022"
Forever Queens,Reality,"October 2, 2022"
Dubai Bling,Reality,"October 27, 2022"
Buying Beverly Hills,Reality,"November 4, 2022"
Physical: 100,Reality competition,"January 24, 2023"
Love Never Lies: Poland,Dating competition,"January 25, 2023"
Perfect Match,Dating show,"February 14, 2023"
Outlast,Reality competition,"March 10, 2023"
King of Collectibles: The Goldin Touch,Reality,"April 28, 2023"
Love Village,Dating show,"May 2, 2023"
Is She the Wolf?,Dating competition,"June 11, 2023"
Social Currency,Reality game show,"June 22, 2023"
Deep Fake Love,Dating competition,"July 6, 2023"
Hack My Home,Home improvement reality,"July 7, 2023"
Nineteen to Twenty,Coming-of-age reality,"July 11, 2023"
Sugar Rush: The Baking Point,Baking competition,"July 12, 2023"
The Big Nailed It Baking Challenge,Baking competition,"August 4, 2023"
Zombieverse,Reality competition,"August 8, 2023"
At Home with the Furys,Reality,"August 16, 2023"
The Devil's Plan,Reality game show,"September 26, 2023"
Stranded with My Mother-in-Law,Reality,"October 9, 2023"
Surviving Paradise,Reality game show,"October 20, 2023"
Fame After Fame,Reality,"November 10, 2023"
Comedy Royale,Stand-up comedy competition,"November 28, 2023"
Love Like a K-Drama,Dating show,"November 28, 2023"
The Trust: A Game of Greed,Reality game show,"January 10, 2024"
Love Is Blind: Sweden,Dating show,"January 12, 2024"
Love Deadline,Dating show,"January 23, 2024"
Rhythm + Flow Italy,Music competition,"February 19, 2024"
The Magic Prank Show with Justin Willman,Prank show,"April 1, 2024[156]"
Last One Standing,Crime comedy/variety show,"March 8, 2022"
Lighthouse,Talk show,"August 22, 2023"
Risqué Business: Taiwan,Talk show,"August 29, 2023"
Baby Gorilla Cam,Live event,"September 7, 2023"
Baby Animal Cam,Live event,"October 12, 2023"
Dinner Time Live with David Chang,Cooking show/Talk show,"January 25, 2024"
Risqué Business: Netherlands & Germany,Talk show,"February 20, 2024"
The Great Indian Kapil Show[157][72],Talk show,"March 30, 2024[158]"
Black Mirror (series 3–6),Science fiction anthology,"October 21, 2016"
Inside the World's Toughest Prisons (seasons 2–7),Docuseries,"July 6, 2018"
You (seasons 2–4),Psychological thriller,"December 26, 2019"
Unsolved Mysteries (seasons 15–16),Docuseries,"July 1, 2020"
Cobra Kai (seasons 3–5),Martial arts/action comedy drama,"January 1, 2021"
Blown Away (seasons 2–4),Reality,"January 22, 2021"
Kota Factory (season 2),Comedy drama,"September 24, 2021"
The Mole (season 6),Reality competition,"October 7, 2022"
Girls5eva (season 3)[163],Comedy,"March 14, 2024[164]"
Young Royals Forever[165],Making-of,"March 18, 2024"
Squid Game: The Challenge,Escape room competition,"November 22, 2023"
Arcane,Adult animated steampunk science fantasy,"November 6, 2021"
Bad Exorcist (seasons 3–4),Adult animated horror comedy,"October 14, 2022"
Ninjago: Dragons Rising,Animated comedy,"June 1, 2023"
"Wake Up, Carlo!",Animated comedy,"July 6, 2023"
Ronja the Robber's Daughter[169],Coming-of-age fantasy,"March 28, 2024"
Single's Inferno,Dating show,"December 18, 2021"
Surviving Summer,Teen drama,"June 3, 2022"
Tour de France: Unchained,Sports docuseries,"June 8, 2023"
Let's Get Divorced,Romantic comedy drama,"June 22, 2023"
Five Star Chef,Culinary competition,"July 14, 2023"
Predators,Nature docuseries,"September 6, 2023"
I Woke Up a Vampire,Family supernatural comedy thriller,"October 17, 2023"
Teasing Master Takagi-san[174],Coming-of-age romantic comedy,"March 26, 2024[175]"
Skam Italia (seasons 4–6),Teen drama,"May 15, 2020"
CoComelon (seasons 6–9),Animation,"September 5, 2022"
Dead Boy Detectives[177],Supernatural drama,April 2024[178]
A Man in Full[179][180][181][182][183],Drama miniseries,Early 2024[7]
American Primeval[184][185],Western miniseries,2024[7]
Baby Farm[186],Thriller,2024[187]
Black Doves[188][189],Thriller,2024[7]
The Decameron[190][191],Period drama,2024[7]
Eric[192][193],Thriller miniseries,2024[7]
The Madness[194][195],Conspiracy thriller miniseries,2024[7]
Monsters: The Lyle and Erik Menendez Story[21][196][197],Crime drama miniseries,2024[7][198]
Òlòtūré: The Journey[186],Drama,2024[187]
The Perfect Couple[199][200],Crime drama miniseries,2024[7]
Postcards[186],Drama,2024[187]
Supacell[192][201],Superhero drama,2024[7]
To Kill a Monkey[7][202],Crime thriller,2024
The Abandons[203][204][205][206],Western,TBA
Apple Cider Vinegar[207],Crime drama miniseries,TBA
Atomic[208],Crime drama,TBA
Baahubali: Before the Beginning[209][210],Fantasy,TBA
Baby Reindeer[211],Drama,TBA
Beauty in Black[212],Drama,TBA
The Boroughs[213],Supernatural mystery drama,TBA
Covers[214],Spy fiction,TBA
Death by Lightning[215][216],Period drama,TBA
Department Q[188][217],Crime thriller,TBA
Desert King[218],Drama,TBA
Forever[219][220][221][222],Teen drama,TBA
Geek Girl[223],Teen drama,TBA
Man on Fire[224],Thriller drama,TBA
Missing You[225],Thriller drama miniseries,TBA
The Moon Represents My Heart[226],Science fiction miniseries,TBA
Pulse[227],Medical drama,TBA
Ransom Canyon[228][229][230][231],Drama,TBA
The Residence[232][233][234][235],Mystery drama,TBA
Run Away[225],Thriller drama miniseries,TBA
The Survivors[218][236],Crime mystery miniseries,TBA
Tall Pines[237],Thriller miniseries,TBA
They Both Die at the End[238],Teen drama,TBA
Toxic Town[239],Drama miniseries,TBA
Untitled Glenn Burke miniseries[240],Biopic miniseries,TBA
Untitled Monster anthology series[21],Crime drama miniseries,TBA
Zero Day[241][242][243],Political thriller miniseries,TBA
Bodkin[244],Thriller comedy drama,2024[7]
A Classic Spy[245][246],Crime comedy,2024[7]
No Good Deed[247][248][249],Dark comedy,2024[7]
Untitled Erin Foster and Kristen Bell series[250][251],Comedy,2024[7]
The Corps[252],Military comedy drama,TBA
The Four Seasons[253],Romantic comedy,TBA
Kaos[254][192][255][256],Dark comedy,TBA
Sirens[257][258],Dark comedy miniseries,TBA
Too Much[259][260],Romantic comedy,TBA
Untitled Mindy Kaling series[261][262][263],Workplace comedy,TBA
Exploding Kittens[264],Comedy,2024[265]
Gears of War[266],Military science fiction,TBA
Untitled Stranger Things animated series[267],Science fiction horror,TBA
Rising Impact,Sports,June 2024[268]
Devil May Cry[269][270],Dark fantasy action,2024[271]
Moonrise[272],Science fiction,2024[273]
Time Patrol Bon,Science fiction,2024[274]
Terminator: The Anime Series[275][276],Science fiction,2024[7]
Tomb Raider: The Legend of Lara Croft[277],Action-adventure,2024[278]
Army of the Dead: Lost Vegas[279][280],Horror,TBA
Beat & Motion[281][282],Slice of life,TBA
Gundam: Requiem for Vengeance[283],Mecha/military science fiction,TBA
Lady Napoleon[284],Action,TBA
The One Piece[285],Adventure/science fantasy,TBA
Stranger Things: Tokyo[286],Science fiction horror,TBA
Bad Dinosaurs[287],Comedy,March 2024[288]
Astérix[289],Historical action adventure,2024[290]
Jentry Chau vs. The Underworld[291][292],Supernatural adventure,2024[7]
Jurassic World: Chaos Theory[293],Science fiction action-adventure,2024
Mighty MonsterWheelies[60],Preschool,2024
Horton Hears a Who![294],Preschool,TBA
Mermaid Magic[287],Fantasy,TBA
"One Fish, Two Fish, Red Fish, Blue Fish[294]",Preschool,TBA
The Seven Bears[287],Fantasy comedy,TBA
Untitled Rebel Moon series[295],Space opera,TBA
Untitled The Witcher series[296][297],Fantasy,TBA
Wacky Wednesday[294],Preschool,TBA
Wereworld[287],Epic fantasy adventure,TBA
Burn(es) Out[298][299],Comedy,TBA
La Cage[300],Drama,2024
Fiasco[301],Comedy,TBA
Cassandra[302],Thriller,2024
Plötzlich Kanzlerin[303],Comedy drama,2024
Achtsam Morden[304],Legal drama,TBA
Khakee: The Bengal Chapter[72],Crime thriller,2024
Heeramandi: The Diamond Bazaar[305][306],Romantic drama,2024[7]
IC 814: The Kandahar Hijack[72],Thriller,2024
Brigands: The Quest for Gold[307],Historical drama,2024[308]
Inganno[176],Thriller,2024[308]
The Life You Wanted[309][310],Drama,2024[308]
The Leopard[311][176],Drama,2024[308]
A.C.A.B. La serie[312],Crime drama,TBA
Adorazione[313],Coming of age drama,TBA
Il Mostro[314],Crime drama miniseries,TBA
Lotto Gang[176],Comedy,TBA
Mrs Playmen[315],Biopic,TBA
Nemesis[307],Drama,TBA
Sara[316],Crime drama,TBA
Storia della mia famiglia[313],Drama,TBA
Beyond Goodbye[317],Romantic drama,2024[152]
The Queen of Villains[318],Sports drama,2024[152]
Tokyo Swindlers[152],Crime thriller,2024
Glass Heart[319],Music drama,2025
The 8 Show[320],Black comedy[84],2024[321]
The Frog[322][84],Mystery thriller,2024
Hierarchy[84],Romantic drama,2024
Hong Rang[323],Period drama,2024[324]
Mr. Plankton[84],Romantic comedy,2024
The Trunk[325],Thriller,2024[84]
When Life Gives You Tangerines[326],Romantic drama,2024[327]
The Whirlwind[328],Political drama,2024[84]
Aema[329],Historical drama,TBA
Goodbye Earth[330],Science fiction,TBA
Karma[331],Crime thriller,TBA
Mercy for None[332],Thriller,TBA
Trigger[333],Action thriller,TBA
Two Women[334],Romantic drama,TBA
Born for the Spotlight[93],Drama,2024
GG Precinct[93],Action comedy,2024
Agent from Above[335],Fantasy,TBA
Million-follower Detective[336],Crime thriller,TBA
The Nipple Talk[335],Romantic comedy,TBA
Candelária[337],Drama miniseries,2024
Pedaço de mim[337],Telenovela,2024
Senna[337],Biopic miniseries,2024
Accidente[338],Drama,2024[338]
Bienvenidos a la familia[338],Drama,2024[338]
Celda 211[339],Crime drama miniseries,2024
The Eternaut[340][341],Science fiction,2024[7]
Gringo Hunters[339],Crime thriller,2024
Las hermanas Guerra[342][339],Drama,2024
Las muertas[339],Crime drama,2024
Nadie nos vió partir[339],Drama miniseries,2024
One Hundred Years of Solitude[343][344],Drama,2024[7]
Para siempre[338],Drama,2024
1992[345],Thriller,TBA
Animal Salvaje[346],Comedy,TBA
Asalto al Banco Central[347],Heist,TBA
Atrapados[348],Thriller miniseries,TBA
Breathless[349],Medical drama,TBA
Clanes[350],Crime drama,TBA
El jardinero[351],Thriller,TBA
Envidiosa[352],Comedy,TBA
La última noche en Tremore Beach[353],Thriller miniseries,TBA
Manual para señoritas[354],Period drama,TBA
Raising Voices[355],Teen drama,TBA
Secuestro al vuelo 601[356],Drama,TBA
Superstar[357],Music biopic,TBA
Untitled adaptation of Claudia Piñeiro's El tiempo de las moscas and Tuya[348],Drama miniseries,TBA
Untitled Álex Pina series[358],Drama,TBA
The Breakthrough[359],Crime drama,2024
Deliver Me[359],Drama,2024
The Helicopter Heist[359],Heist drama,2024[7]
The Glass Dome[359],Crime drama,TBA
Doctor Climax[117],Comedy drama,May 2024
Don't Come Home[117],Horror,TBA
Master of the House[117],Drama,TBA
Tomorrow and I[117],Science fiction anthology,TBA
Terror Tuesday: Extreme[117][360],Horror,TBA
Asaf[361],Drama,2024
Kimler Geldi Kimler Geçti[361],Romantic comedy,2024
The Town[361],Crime drama,2024
Billionaire Island[362],Drama,2024[363]
Echoes of the Past[364],Crime drama,2024
Nightmares and Daydreams[365],Science fiction,2024[7]
Bros[366],Drama,TBA
Heweliusz[367],Drama,TBA
Jo Bachay Hain Sang Samait Lo[368],Drama,TBA
Just One Look[369],Mystery,TBA
La Palma[370],Drama,TBA
Reservatet[359],Crime drama,TBA
Subteran[371],Crime drama,TBA
The Greatest Rivalry – India vs Pakistan[72],,2024
Homicide: Los Angeles[132],,2024
La Liga 24[372][373],,2024[7]
Our Living World[374],,2024
Our Oceans[374],,2024
Sprint[375][376],,2024
Untitled Dream Academy docuseries[377],,2024
Our Water World[374],,2025
Fatherhood with My Father[378],,TBA
Fertility Fraudster[379],,TBA
Hunting Gary Glitter[380],,TBA
Inside the World's Toughest Forces[381],,TBA
Untitled 2004 World Series docuseries[382],,TBA
Untitled 2016 Bitfinex hack docuseries[383],,TBA
Untitled Boston Red Sox docuseries[382],,TBA
Untitled Carmen Cervera docuseries[357],,TBA
Untitled Gilgo Beach serial killings docuseries[384],,TBA
Untitled NBA docuseries[385],,TBA
Agents of Mystery[84],Reality competition,2024
The Influencer[84],Reality competition,2024
Love Is Blind: Germany[386][387],Dating show,2024[7]
Love Is Blind: UK[388],Dating show,2024[389]
Super Rich in Korea[390],Reality,2024[84]
Unknown Chefs[84],Cooking competition,2024
Love Is Blind: Argentina[391],Dating show,TBA
Love Is Blind: Habibi[62],Dating show,TBA
Love Is Blind: Mexico[392],Dating show,TBA
Nayanthara: Beyond the Fairytale[393],Reality,TBA
The Ultimatum: South Africa[394],Dating show,TBA
Winter Palace[395],Period drama,Late 2024
Eddie's Lil' Homies[396],Children's animation,TBA
Lockerbie[397],Drama miniseries,TBA
Untitled Arctic comedy series[398],Comedy,TBA
Untitled Front Populaire miniseries[399],Period drama miniseries,TBA
Kimi ni Todoke (season 3)[400],Anime,2024
Star Trek: Prodigy (season 2)[401],Animated science fiction comedy,2024
My Lover My Killer (season 2)[402],True crime docuseries,TBA
Weak Hero Class 1 (season 2)[403],Coming-of-age action drama thriller,TBA
Agency[219],Drama,
Arbor Hall[404],Teen mystery thriller,
Astronaut Chicks[219],Comedy,
Black Rabbit[405],Drama miniseries,
Cashero[406],Korean language superhero drama,
Coming Undone[407],Drama,
Confessions on the 7:45[408],Psychological thriller,
Death Note[409][410][411],Supernatural drama,
Dumped[412],Comedy,
East of Eden[413],Drama miniseries,
El cuco de cristal[414],Drama thriller,
Go Ahead Brother[415],Polish language neo-western,
Good Times[416][417],Adult animation Sitcom,
The Hated[418][419],Western,
The Henna Artist[420],Drama,
Horizon[421],Science fiction,
"I, Chihuahua![422]",Animated action-adventure,
Little Sky[423],Comedy,
Mind MGMT[424],Thriller,
Night Club[425],Superhero teen drama,
Nocterra[426],Science fiction,
One Day in December[427],Romance drama,
Orbital[421],Science fiction thriller,
Our Love Is Here to Stay[428][429],Biopic/musical comedy,
Princess of South Beach[430],Teen drama,
Raybearer[431],Fantasy teen drama,
Revenge Inc.[432],Drama,
Something Is Killing the Children[433],Horror,
Stronger[434],Drama,
"Untitled ""Daddy Ball"" series[435]",Drama,
Untitled Frank Sinatra biopic series[436],Biopic,
Untitled Ghostbusters animated series[437],Animated horror comedy,
Untitled Jeffrey Addiss and Will Matthews series[410],TBA,
Untitled John F. Kennedy miniseries[438],Biopic miniseries,
Untitled Julio Iglesias series[439],Biopic,
Untitled Maya and the Three-related series[422],Animated fantasy miniseries,
Untitled Myron Bolitar series[440],Mystery drama,
Untitled Owen Hanson docuseries[441],True crime docuseries,
Untitled Prince Harry and Meghan Markle scripted series[442],Drama,
Untitled Prince Harry and Meghan Markle unscripted series[442],Docuseries,
Untitled Regina Hicks project[443][444],Comedy,
Untitled Simon Riske series[445],Spy thriller,
Untitled Stranger Things spin-off series[410][446],Science fiction drama,
Untitled U2 biopic series[447],Biopic,
Untitled Virgin River prequel[448],Romantic drama,
Yasuke[449],Period drama,
